"Movement","File","NumColors","AvgR","AvgG","AvgB","Gray0","Gray25","Gray50","Gray75","Gray100","Gray125","Gray150","Gray175","Gray200","Gray225","Red0","Red25","Red50","Red75","Red100","Red125","Red150","Red175","Red200","Red225","Green0","Green25","Green50","Green75","Green100","Green125","Green150","Green175","Green200","Green225","Blue0","Blue25","Blue50","Blue75","Blue100","Blue125","Blue150","Blue175","Blue200","Blue225"
"Aivazovskii","BeregMoria",0.670322580645161,-1.68,-1.48031496062992,-1.62055335968379,-1.88596981553941,-1.44514106583072,-0.8973185088293,-1.16270482344796,-0.257299797629373,0.69047619047619,-0.630742391936422,-0.756159728122345,-1.11570247933884,-1.99570723331187,-1.76637625040336,-1.38247011952191,-0.922142462727775,0.65615141955836,-0.249657064471879,-0.742994877975294,-0.346859032161106,-0.683521845198492,-1.10679611650485,-2,-1.90572033898305,-1.49585635359116,-1.19229679977344,-1.26536378620203,-0.335651648019353,-0.0893796004206099,-0.454326923076923,-0.833420365535248,-0.752777777777778,-1.93356861116878,-1.79887036781926,-1.34081213461842,-1.40165456694243,2,0.423764214434904,-0.977136827295111,-1.82111917583704,-1.91127316924947,-1.98998748435544,-2
"Aivazovskii","BespokoynoeMore",-1.09225806451613,0.56,0.881889763779528,1.14624505928854,-1.93236444941308,-1.6512539184953,-1.34728580771746,-1.65751211631664,-1.40792136455623,-1.47058823529412,-1.71855010660981,-1.10960067969414,1.79338842975207,0.895041854475209,-1.82058728622136,-1.48366533864542,-1.57040309221425,-1.28286014721346,-1.45313214449017,-1.72762880385658,-1.72467688608356,-1.04280328232424,0.698504329572291,0.909615384615385,-1.94544491525424,-1.74861878453039,-1.51741716227698,-1.62420532140334,-1.38675536740248,-1.54048370136698,-1.68910256410256,-1.22715404699739,1.78472222222222,0.930454639817314,-1.91293566606971,-1.62521725391057,-1.67921661320277,-1.6360767814883,-1.61475980505918,-1.34294759057334,-1.67876375556076,-1.40808264965056,2,0.682859508694452
"Aivazovskii","BoiParahodomVestaSTuretskimBronenostsem",-0.599354838709677,1.344,1.43307086614173,1.52569169960474,-1.91447736165456,-1.92554858934169,-1.81556572923479,-1.80521578582968,-1.34778837814397,-1.17086834733894,-1.49525101763908,-1.02803738317757,0.309917355371901,2,-1.90513068731849,-1.89800796812749,-1.96355604638321,-1.77707676130389,-1.01966163694559,-1.43597469117204,-1.21130147279832,-1.24683965402528,0.102335345053792,2,-1.92161016949153,-1.93301104972376,-1.91277258566978,-1.82670120084766,-1.26821892954339,-1.39747634069401,-1.45192307692308,-1.08302872062663,0.159722222222222,2,-1.83854525416724,-1.93237478274609,-1.86155664359277,-1.48987641335788,-1.55349268971919,-1.42455153007387,-1.57480683680637,-1.22212093588575,1.01576971214018,2
"Aivazovskii","Buria",0.295483870967742,0.56,0.535433070866142,0.624505928853755,-2,-2,-2,-1.59381490883914,-1.36976004625614,-0.19187675070028,-0.564838146927699,0.521665250637213,0.447658402203857,-0.737068040352007,-2,-2,-1.98012147984539,-1.51840168243954,-0.880658436213992,-0.105453449834287,-0.7063420498948,-0.625859392326458,-0.572553135659932,0.567307692307692,-2,-1.99516574585635,-1.96035117530445,-1.61761243230516,-1.33595403689144,-0.644584647739222,-0.432692307692308,0.448041775456919,0.393055555555556,-0.913016400249118,-1.9917343986775,-2,-1.97433732905622,-1.90849329476729,-1.65096310048735,-0.400281392894829,-0.0463591664715523,1.89425706472197,0.206758448060075,-1.37951973502622
"Aivazovskii","BuriaNaMore",0.14,0.48,0.850393700787402,-0.324110671936759,-1.86975964225824,-1.20454545454545,-1.29627207325049,-1.32333256404339,-1.18242266551026,-0.854341736694678,-1.48749757704982,0.873973378646276,0.465564738292011,-1.51148315089075,-1.71990964827364,-1.20557768924303,-1.57261181667587,-0.0273396424815983,-0.346593507087334,-1.29617354624887,0.0522993688007214,-1.10223996451541,-0.888480713723432,-0.976923076923077,-1.88241525423729,-1.32182320441989,-1.45284621920136,-1.40663998116317,-1.18475960084669,-1.27655099894848,-1.43108974358974,0.0031331592689295,1.23472222222222,-1.18455470209674,-1.94930431188869,-1.28140306525517,-1.15650852608475,-0.580068367078622,-1.10234393130657,0.706999648258882,0.71318192460782,-1.8869644484959,-2,-2
"Aivazovskii","ChesmenskiiBoyVNoch",0.0270967741935484,-2,-2,-2,-0.472889882615987,-0.637147335423197,0.210595160235448,-0.591276252019386,-0.77421220005782,-1.51820728291317,-1.77282419073464,-1.86179552534693,-1.91597796143251,-1.97080918652071,-1.19135204904808,-0.252589641434263,-0.771949199337383,1.04942166140904,0.117969821673525,-1.55287737270262,-1.69582206191764,-1.66821911732091,-1.51718709000262,-1.55576923076923,-0.285487288135593,-0.904696132596685,-0.0288870008496177,-0.614551448080998,-0.892047172664046,-1.67297581493165,-1.84855769230769,-1.92062663185379,-1.93472222222222,-1.96263234378244,-0.136933461909354,-0.483172697108548,-0.160391693398616,-0.845122271890613,-1.9136690647482,-1.98593035525853,-1.99719035354718,-2,-2,-2
"Aivazovskii","DeviatiyVal",0.420645161290323,-0.384,-0.645669291338583,-0.940711462450593,-1.68865287870319,-1.51018808777429,-0.15565729234794,-0.688206785137318,0.736050881757733,0.686274509803922,-1.38670284938942,-1.69300481450014,-1.70110192837466,-1.97853616655935,-1.68312358825428,-1.55537848605578,-0.978464936499172,-0.593059936908517,-0.555098308184728,-0.912925579993974,-0.896302975653742,-0.622310933688179,-0.248228811335607,-1.4125,-1.70550847457627,-1.57182320441989,-0.38006230529595,0.202024958794443,1.31297248261264,-0.960042060988433,-1.61858974358974,-1.75770234986945,-1.7375,-1.95931077434088,-1.53822840611654,-1.22262600726813,2,-0.19300552195635,-2,-2,-2,-2,-2,-2
"Aivazovskii","NochNaMore",0.960645161290323,-0.576,-0.519685039370079,-0.00790513833992095,-1.89155953046395,-0.907523510971787,0.21190320470896,-0.414031848603739,0.442324371205551,-0.324929971988796,-1.40608645086257,-1.62276975361088,-1.81129476584022,-1.94848679974243,-1.04485317844466,-0.531474103585657,-0.628382109331861,1.17560462670873,0.390489254686786,-1.29496836396505,-1.44815148782687,-1.67975160789532,-1.83626344791393,-1.8625,-1.91949152542373,-1.1457182320442,-0.0832625318606627,-0.384742170944196,0.64408829755065,-0.628811777076761,-1.34535256410256,-1.65535248041775,-1.81666666666667,-1.95598920489931,-1.97134591541535,-1.83883709906778,-1.3057572176262,-0.740993952143045,-0.795080064980274,2,0.245844064621868,-1.28896991795807,-1.94793491864831,-1.99889594258901
"Aivazovskii","ParusnikVMore",-0.211612903225806,-0.608,-0.188976377952756,0.0395256916996047,-2,-1.99373040752351,-0.960104643557881,-1.27994461112393,0.965018791558254,2,-0.00736576855979841,-1.96828094024356,-2,-2,-1.97612132946112,-1.19123505976096,-0.238542241855329,1.12723449001052,1.94147233653406,1.25760771316662,-1.88698527201683,-2,-2,-2,-2,-2,-1.36561880487114,-1.32564162938545,-0.529180526156637,2,0.625,-1.95195822454308,-2,-2,-2,-1.97977563596145,-1.90545331757555,-0.724165132789903,-0.705035971223022,-1.08688005627858,2,0.394408994226679,-1.96095118898623,-2
"Aivazovskii","ProshchanieASPushkinaSMorem",-0.434838709677419,1.328,1.00787401574803,0.339920948616601,-1.87199552822806,-1.1653605015674,-0.358404185742315,-1.0196168936072,-0.929170280427869,0.189075630252101,-0.595076565225819,-0.137638062871708,-1.93801652892562,-2,-1.47144240077444,-1.01513944223108,-1.02263942573164,-0.773922187171398,-0.840420667581161,-0.694787586622477,-0.146077547339946,-0.589487691284099,-1.2642351088953,-1.9875,-1.98516949152542,-1.30317679558011,-0.565845369583687,-0.920649870496821,-0.777139401270033,-0.415352260778128,-0.404647435897436,-0.312271540469974,-1.93888888888889,-2,-1.9344262295082,-1.18028124506241,-0.997805166300861,-0.32868787799106,-0.0422371779995359,1.32043615898699,-1.29665183797705,-2,-2,-2
"Aivazovskii","PushkinNaBereguChernogoMoria",0.647741935483871,0.032,0.015748031496063,-0.482213438735178,-1.51313583007267,-1.36442006269592,-0.754741661216481,-1.04823447957535,-0.0306446949985545,-0.317927170868347,-1.10137623570459,-0.347210421976777,-1.4931129476584,-1.9605065464692,-1.44885446918361,-1.32111553784861,-1.02153506350083,0.292323869610936,0.844078646547782,-0.129557095510696,-0.724376314998497,-1.02417387447328,-1.87614799265285,-1.98269230769231,-1.53389830508475,-1.44337016574586,-1.03256867742849,-1.05439133506004,-0.00786211067432718,-0.748685594111462,-1.12179487179487,-0.455352480417755,-1.175,-1.94353331949346,-1.48698167791707,-1.4438299889398,-1.15110585851764,-0.248750986063634,-0.65583662102576,0.505803728455857,-0.748770779676891,-1.64387724096019,-1.89687108886108,-1.98343913883522
"Aivazovskii","Raduga",0.415483870967742,-0.976,-0.47244094488189,-0.450592885375494,-1.99608719955282,-1.96394984326019,-1.9136690647482,-1.86060466189707,-1.14194854004047,0.0658263305322129,-0.231440201589455,1.04502973661852,0.701101928374656,-1.8420261858768,-1.99225556631171,-1.95776892430279,-1.83434566537824,-1.85488958990536,-0.7946959304984,-0.371798734558602,0.330027051397656,0.421823020625416,-0.41406454998688,-1.41057692307692,-1.9978813559322,-1.96270718232044,-2,-1.8850953614316,-1.15210160266102,-0.394321766561514,-0.244391025641026,0.901305483028721,0.847222222222222,-1.84139505916546,-1.99228543876567,-1.98862379522831,-2,-1.75598211937944,-0.803434671617545,0.815335912768203,0.0866307656286584,0.30325129140079,-0.025531914893617,-1.93375655534088
"Aivazovskii","Sevastopl",-0.894838709677419,0.736,0.598425196850394,0.00790513833992095,-1.98714365567356,-1.95532915360502,-1.72138652714192,-1.22824832679437,-1.18936108701937,-0.966386554621849,2,0.122911356556216,-2,-2,-1.99031945788964,-1.94900398406374,-1.97680839315295,-1.38590956887487,-1.29401005944216,-1.64085567942151,-0.84580703336339,2,0.667016531094201,-2,-1.98358050847458,-1.94958563535912,-1.76323987538941,-1.12314574994113,-0.87753250680375,-1.11356466876972,2,-0.317493472584856,-2,-2,-1.96914175506268,-1.84958129246326,-1.72716528786088,1.65185379963187,1.21559526572291,0.0640168835736898,-1.43057831889487,-2,-2,-2
"Aivazovskii","SkalistiyOstrov",-0.0354838709677419,1.536,1.60629921259843,1.19367588932806,-1.63946338736724,-1.1230407523511,-0.981033355134075,-1.48765289637664,-1.36166522116219,-0.738095238095238,-1.2766039930219,-0.711979609175871,0.753443526170799,-1.1577591757888,-1.35850274282026,-1.08685258964143,-1.22252898950856,-1.32702418506835,-0.769090077732053,-1.07321482374209,-0.821761346558461,-0.906187624750499,-0.489635266334295,-1.20384615384615,-1.7166313559322,-1.21408839779006,-1.18436703483432,-1.43112785495644,-1.3371635923798,-1.15141955835962,-1.22115384615385,-0.90757180156658,0.747222222222222,-0.945401702304339,-1.56137208981953,-1.33322799810397,-1.54009792334965,-1.42887194320273,-1.45230912044558,-0.594442490327119,-1.02505268087099,-0.475843208751139,0.447058823529412,-1.66215843223848
"Aivazovskii","SmolniyMonastyr",0.814193548387097,-0.176,-0.236220472440945,-0.8300395256917,-1.8194522079374,-1.46865203761755,-0.843688685415304,-1.67689822294023,-1.28996819890142,1.33893557422969,0.71370420624152,-1.1458510337015,-1.87878787878788,-1.97767761322172,-1.75863181671507,-1.50358565737052,-1.30646051905025,-1.72660357518402,-1.52629172382259,-0.0439891533594456,0.958821761346558,-0.0102018185850521,-1.35135135135135,-1.87788461538462,-1.83951271186441,-1.55041436464088,-1.03709997167941,-1.61572874970567,-1.27305715149682,0.502628811777077,0.615384615384615,-0.920104438642298,-1.87916666666667,-1.96678430558439,-1.61427193828351,-0.679096223732027,-0.70808711801452,-0.458059426768341,-0.929682060802971,-0.519873373197327,-0.929524701475064,-1.76663628076572,-2,-2
"Aivazovskii","SmotrChernomorskogoFlota",-0.310322580645161,-0.832,-0.834645669291339,-0.924901185770751,-1.77193963107881,-1.48824451410658,-1.13799869195553,-1.3888760673898,-1.02399537438566,-0.429971988795518,-0.847838728435743,0.295100538091192,0.293388429752066,-1.93389139300279,-1.73539851565021,-1.46374501992032,-1.39922694643843,-0.860147213459516,-0.672153635116598,-0.791202169328111,-0.465885181845506,-0.346418274561987,0.0278142219889793,-1.88846153846154,-1.78601694915254,-1.54627071823204,-1.31917303879921,-1.38497763126913,-0.997278500151194,-0.817034700315457,-0.829326923076923,0.0929503916449086,0.502777777777778,-1.931907826448,-1.71235707397713,-1.64923368620635,-1.53942258990377,-0.986063633973179,-0.907403109770248,0.519873373197327,-0.220557246546476,0.394408994226679,-1.85181476846058,-2
"Aivazovskii","SpasaiushchiesiaOtBuri",0.910967741935484,1.648,1.5748031496063,0.861660079051383,-1.96310788149804,-1.82993730407524,-1.62328319162852,-1.61873990306947,-0.946516334200636,-0.69327731092437,-0.296569102539252,0.59869725290286,0.329201101928375,-1.49259497746297,-1.93933526944176,-1.83107569721116,-1.8111540585312,-0.56782334384858,-0.553269318701417,-0.0596565230491112,0.363691012924557,-0.137946329563096,-0.976646549462083,-1.53173076923077,-1.97298728813559,-1.84254143646409,-1.74511469838573,-1.6552860842948,-0.994859389174478,-0.994742376445847,-0.536057692307692,0.414621409921671,0.790277777777778,-1.3248910110027,-1.93552830968453,-1.8015484278717,-1.70082728347121,-1.27320536418617,-1.0076583894175,0.514245515300739,0.184031842659799,0.607110300820419,-1.19699624530663,-1.99006348330113
"Aivazovskii","SrediVoln",0.450322580645161,-0.928,-0.614173228346457,-0.355731225296443,-1.24371157070989,-1.17398119122257,-0.349247874427731,-1.11285483498731,-1.03440300664932,-0.546218487394958,-1.06260903275829,-1.07901444350042,-0.834710743801653,-1.802532732346,-0.492416908680219,-0.939442231075697,-1.02374378796245,-0.49211356466877,-0.0996799268404207,-0.639349201566737,-1.33874361286444,-1.47482812153471,-1.59800577276305,-1.87980769230769,-1.32415254237288,-1.27900552486188,-0.680260549419428,-1.04779844596186,-1.04445116419716,-1.00105152471083,-1.01442307692308,-1.20417754569191,-0.576388888888889,-1.69690678845755,-1.75644028103044,-1.55190393427082,-1.6407226067871,-1.11227977912175,-0.540728707356695,-0.193457615195216,-0.467806134394755,0.394408994226679,-1.28010012515645,-1.99889594258901
"Aivazovskii","UBeregovYalty",-0.150967741935484,0.384,0.566929133858268,1.16205533596838,-2,-1.8769592476489,-1.38652714192283,-0.965151165474267,0.214512864989881,-0.197478991596639,-1.02306648575305,-0.38119512885868,0.541322314049587,-1.89869070616012,-2,-1.88685258964143,-1.60022087244616,-0.73186119873817,0.236854138088706,0.247664959325098,-0.0138262699128344,-0.851186515857175,-0.207294673314091,-1.77307692307692,-2,-1.87707182320442,-1.416595865194,-0.817047327525312,0.270335651648019,-0.744479495268139,-1.00801282051282,-0.534725848563969,0.576388888888889,-1.91529997924019,-2,-1.80534049612893,-1.4887725814621,-0.460163029187484,-0.973311673242051,-1.03763629968343,-1.28728634980098,-0.381039197812215,1.29612015018773,-1.99447971294507
"Aivazovskii","VecherVKrimuYalta",-0.0361290322580645,-0.032,-0.015748031496063,-0.719367588932806,-0.963666852990497,-0.778213166144201,-1.77894048397646,-1.73874913454881,-1.73171436831454,-0.457983193277311,-0.0507850358596627,0.139903709997168,-2,-2,-1.03000968054211,-0.802390438247012,-1.67421314191055,-1.97055730809674,-1.01600365797897,-0.802048809882495,-0.422602945596634,-1.05433577289865,-0.799265284702178,-1.31057692307692,-0.882944915254237,-1.05455801104972,-1.89578023222883,-1.60160113020956,-1.88388267311763,-1.19242902208202,0.534455128205128,-0.331070496083551,-2,-2,-0.490150158424025,-1.42929372728709,-1.75485395914233,-1.36260846699974,-0.411696449292179,1.50756243404854,-1.16553500351206,-1.99756912792464,-2,-2
"CritRealism","Repin_18Oktiabria1905",1.43032258064516,1.28,0.94488188976378,0.545454545454545,-1.25041922861934,-1.46003134796238,-1.10660562459124,-1.09716132010155,-0.598438855160451,-0.452380952380952,-0.86257026555534,-0.871707731520816,-1.03581267217631,-1.63082206482078,-1.44756373023556,-1.25577689243028,-1.59249033683048,-0.862250262881178,-0.637402834933699,-0.843025007532389,-0.310790501953712,-0.58239077400754,-0.864340068223563,-1.42692307692308,-1.23146186440678,-1.48342541436464,-1.27386009629,-1.08923946315046,-0.47233141820381,-0.854889589905363,-0.885416666666667,-0.999477806788512,-1.07083333333333,-1.63379696906788,-1.21752307480369,-1.30478748617475,-1.38274523045754,-0.756770970286616,-0.550939893246693,-0.263805838902568,-1.03535471786467,-1.31449407474932,-1.5334167709637,-1.73723433618548
"CritRealism","Repin_BurlakiNaVolge",1.57935483870968,-1.088,-0.015748031496063,1.25691699604743,-1.7915036333147,-1.41144200626959,-1.49509483322433,-1.82460189245327,-1.50852847643828,-0.593837535014006,-0.259352587710797,0.8071367884452,-0.65564738292011,-1.33633827001502,-1.79929009357857,-1.56414342629482,-1.67090005521811,-1.78969505783386,-0.931870141746685,-0.800843627598674,-0.250676284941389,-0.523841206475937,-0.646024665442141,-0.228846153846154,-1.80349576271186,-1.46201657458564,-1.601246105919,-1.77678361196138,-1.35651648019353,-0.980021030494217,-0.420673076923077,0.425065274151436,-0.3625,-1.24849491384679,-1.16462322633972,-1.14552061937115,-0.964713827452305,-1.35945306337102,-1.50800649802738,-1.61871262750616,-1.75556075860454,0.0151929504709815,-0.638297872340426,-1.31658846260006
"CritRealism","Repin_IvanGrozniyISynEgoIoan",-0.599354838709677,-1.648,-1.5748031496063,-1.47826086956522,-1.99552822806037,1.97962382445141,-0.415958142576848,-1.16085852757904,-1.21364556230124,-1.18487394957983,-1.66815274277961,-1.63636363636364,-1.59917355371901,-1.92015453960077,-1.67279767666989,1.3808764940239,-1.34842628382109,-1.41955835962145,-1.08001828989483,-1.24194034347695,-1.26660655244965,-1.56531381681082,-1.56861716085017,-1.20480769230769,-1.9978813559322,1.63190607734807,-0.344944774851317,-1.30680480339063,-1.21499848805564,-1.4521556256572,-1.68429487179487,-1.73681462140992,-1.66666666666667,-1.91529997924019,-1.98291775726684,1.46342234160215,-0.257639709606618,-0.899815934788325,-1.63611046646554,-1.75518818149842,-1.99438070709436,-2,-2,-2
"CritRealism","Repin_KrestniyKhodVKurskoyGubernii",1.40645161290323,-0.112,0,-0.134387351778656,-1.80883174958077,-1.40282131661442,-1.17593198168738,-1.34179552273252,-0.923388262503614,-0.371148459383754,-0.346191122310525,0.744831492495044,-1.34022038567493,-1.97853616655935,-1.84511132623427,-1.52669322709163,-1.6322473771397,-1.41324921135647,-0.361225422953818,0.0909912624284423,0.124436429215509,-1.08627190064316,-0.882183154027814,-0.897115384615385,-1.8103813559322,-1.43508287292818,-1.2999150382328,-1.2785495643984,-0.826731176292712,-0.923238696109359,-0.362980769230769,0.675718015665796,-1.40694444444444,-1.97342744446751,-1.46714423474308,-1.3774687944383,-1.15245652540942,0.618985011832764,-1.11441169644929,-1.59760816039395,-1.11027862327324,0.0759647523549073,-1.88585732165207,-2
"CritRealism","Repin_LNTolstoiBosoy",0.231612903225806,-1.552,-1.32283464566929,-1.8102766798419,-1.18613750698714,0.517241379310345,0.532374100719424,-1.65012693284099,-1.88435964151489,-1.72549019607843,-1.7953091684435,-1.56386292834891,-0.928374655647383,-1.23159476282464,-0.654404646660213,0.178486055776892,-0.491441192711209,-1.20925341745531,-1.98902606310014,-1.90117505272672,-1.65253982566877,-1.61410512308716,-1.14038310154815,-1.14038461538462,-1.27489406779661,0.149171270718232,0.201076182384594,-1.5083588415352,-1.8185666767463,-1.80441640378549,-1.79166666666667,-1.60417754569191,-0.961111111111111,-1.21195764998962,-0.396473343435735,0.400379206825723,-1.71298328549721,-1.84328161977386,-1.81434207472731,-1.6946887091101,-1.7106064153594,-1.4226678821027,-1.27008760951189,-1.45128346674027
"CritRealism","Repin_Pakhar",-0.286451612903226,1.728,1.81102362204724,1.3201581027668,-0.789826718837339,-0.786833855799373,-0.958796599084369,-1.50426955919686,-1.18704827984967,-1.00140056022409,-1.62163209924404,-1.72812234494477,-1.7534435261708,-0.0837089504185448,-0.338818973862536,-0.795219123505976,-1.56929872998343,-1.03680336487907,-1.33058984910837,-1.41910213919855,-1.43973549744515,-1.72410734087381,-1.74075045919706,0.192307692307692,-0.846927966101695,-0.985497237569061,-1.11866326819598,-1.54979985872381,-1.06380405201089,-1.24290220820189,-1.56650641025641,-1.74412532637076,-1.72916666666667,-0.139090720365373,-1.80548284887726,-0.219623953231158,-0.932297822049637,0.0646857743886406,-1.619401253191,-1.70313049595498,-1.85670803090611,-1.87724096019447,-1.52540675844806,-0.182721501518079
"CritRealism","Repin_PortretSurikova",-0.789677419354839,0.896,1.37007874015748,0.41897233201581,0.695919508105087,-1.50391849529781,-1.58796599084369,-0.954073390260789,-1.21827117664065,-1.49159663865546,-1.70304322543129,-1.61597281223449,-1.31542699724518,-1.62309508478214,1.19651500484027,-1.5601593625498,-1.24019878520155,-0.254468980021031,-1.30681298582533,-1.60228984633926,-1.71746318004208,-1.58837879795964,-1.58960902650223,-1.74615384615385,0.547139830508475,-1.56422651933702,-1.75870858113849,-1.11184365434424,-1.02751738736015,-1.60778128286015,-1.64903846153846,-1.67415143603133,-1.50277777777778,-1.38800083039236,-0.591541534646645,-0.0559330067941223,-0.770893128482188,-0.97133841703918,-1.63611046646554,-1.37390080900457,-1.77148208850386,-1.82133090246126,-1.96896120150188,-1.97791885178029
"CritRealism","Repin_PushkinNaAkteVLitsee",1.53806451612903,-1.872,-1.65354330708661,-1.44664031620553,-1.51928451648966,-0.670062695924765,-0.122956180510137,-0.776828986845142,-0.397224631396357,-0.34593837535014,-1.27737933708083,-1.42225998300765,-1.75895316804408,-1.91414466623739,-1.44433688286544,-1.30916334661355,-1.11430149088901,0.420609884332282,0.666666666666667,-0.436878577884905,-0.651036970243463,-1.12353071634509,-1.55182366832852,-1.89134615384615,-1.06408898305085,-1.0939226519337,-0.828660436137072,-0.83400047092065,-0.356214091321439,-0.767613038906414,-1.26923076923077,-1.44334203655352,-1.75138888888889,-1.90699605563629,-1.59774073563852,-0.800442407963343,-0.897180482863414,-0.373915330002629,-0.212114179624043,-0.467815687653887,-1.52985249356123,-1.7508356122759,-1.88785982478098,-1.92492409605299
"CritRealism","Repin_VenchanieNikolaia2",1.72193548387097,-0.8,-0.47244094488189,-0.656126482213439,-1.30967020681945,-1.21394984326019,-0.474820143884892,-0.954073390260789,-0.893321769297485,-0.613445378151261,-1.11378174064741,-1.07335032568677,-0.997245179063361,-1.63253917149603,-1.39851565020975,-1.31553784860558,-1.06681391496411,0.0904311251314406,0.123456790123457,-0.269358240433866,-0.471896603546739,-1.4136172100244,-1.45840986617686,-1.60480769230769,-1.22616525423729,-1.31837016574586,-0.739167374681393,-1.08641393925124,-0.953734502570305,-1.08622502628812,-1.05128205128205,-1.09242819843342,-0.934722222222222,-1.55740087191198,-1.9344262295082,-0.327697898562174,-0.926895154482526,-0.715750723113332,-1.01601299605477,-0.32430531129089,-1.13088269726059,-1.22941355211182,-1.74568210262829,-1.92602815346398
"CritRealism","Repin_Zaporozhtsi",1.45612903225806,1.824,1.81102362204724,1.30434782608696,-1.04304080491895,-0.545454545454545,-0.172661870503597,-1.26609739210709,-1.2171147730558,-1.16806722689076,-1.56580732700136,-1.41319739450581,-1.18181818181818,-1.22901910281176,-1.108099386899,-0.959362549800797,-0.830480397570403,-0.468980021030494,-0.765432098765432,-1.14914130762278,-1.31349564171927,-1.43934353515192,-1.28417738126476,-0.706730769230769,-1.06832627118644,-0.56353591160221,-0.573775134522798,-1.30021191429244,-1.18596915633505,-1.36277602523659,-1.57051282051282,-1.48198433420366,-1.2,-1.26095079925265,0.00633696101391376,-0.812450624111234,-1.32264055377343,-1.36576387062845,-1.50707820840102,-1.3865634892719,-1.60945914305783,-1.33151017927682,-1.38523153942428,-1.96135799061551
"CritRealism","Surikov_Avtoportret",-1.1141935483871,-1.2,-1.37007874015748,-1.3201581027668,-0.661263275572946,-0.622257053291536,0.353172007848267,-0.485114239556889,-0.588031222896791,-1.56582633053221,-1.82244621050591,-1.89124893797791,-1.94628099173554,-1.90298347284825,-0.577605679251371,-0.774501992031873,-1.44781888459415,0.710830704521556,0.463648834019204,-0.639349201566737,-1.48301773369402,-1.83056110002218,-1.66203096300184,-1.86923076923077,-0.592690677966102,-0.660911602209945,-0.0266213537241575,-0.2745467388745,-0.953734502570305,-1.79179810725552,-1.85416666666667,-1.94151436031332,-1.95138888888889,-1.90699605563629,-1.49194103871057,0.0812134618423132,-0.619618436603073,0.28346042597949,-1.20074263170109,-1.72142103411889,-1.947553266214,-1.96839866302036,-1.93491864831039,-1.91940380899807
"CritRealism","Surikov_BoyariniaMorozova",1.16709677419355,-0.144,-0.393700787401575,-0.798418972332016,-1.60871995528228,-0.89576802507837,-0.29300196206671,-1.12393261020078,-1.07487713211911,-1.12605042016807,-1.61077728241907,-1.01444350042481,0.0068870523415978,-1.15432496243829,-1.81994191674734,-1.10199203187251,-0.862506902263943,-0.0126182965299685,-0.339277549154092,-1.12503766194637,-1.27622482717163,-1.40119760479042,-0.535817370768827,-0.654807692307692,-1.55137711864407,-0.986878453038674,-0.640611724723874,-1.11372733694373,-1.0577562745691,-1.37118822292324,-1.60657051282051,-1.0621409921671,-0.00555555555555556,-1.20199294166494,-1.37952886072462,-0.888291989255807,-1.1355731892622,-1.08388114646332,-1.46809004409376,-1.29651776292649,-1.32474830250527,-0.582801580066849,-0.690362953692115,-1.55285674855092
"CritRealism","Surikov_Boyaryshnia",-0.1,0.256,-0.31496062992126,-0.735177865612648,-1.34488541084405,1.0564263322884,1.16939175931982,-1.26517424417263,-1.5813819022839,-1.30812324929972,-1.6945144407831,-1.93203058623619,-2,-2,-1.44175540496934,-0.0103585657370518,0.577581446714522,0.828601472134595,-0.584362139917695,-1.44320578487496,-1.27382025849113,-1.8181414947882,-2,-2,-1.28919491525424,0.957182320441989,0.425375247805154,-1.43960442665411,-1.56818869065618,-1.51314405888538,-1.69391025641026,-1.94151436031332,-2,-2,-1.1960325113652,1.32627587296571,-0.929596488266081,-1.52248225085459,-1.59990717103736,-1.50474850510025,-1.84546944509483,-2,-2,-2
"CritRealism","Surikov_GrebetsVLodke",-1.26709677419355,0.656,0.425196850393701,0.245059288537549,-1.5321408608161,0.912225705329154,-0.698495748855461,-1.92984075698131,-1.97571552471813,-1.93137254901961,-0.769528978484202,0.605494194279241,-1.97245179063361,-2,-1.91222975153275,-0.0239043824701195,-0.438431805632247,-0.662460567823344,-1.30498399634202,-1.83850557396806,-1.63450556056507,1.04280328232424,-1.81946995539229,-2,-1.04184322033898,0.24585635359116,-1.42112715944492,-1.95290793501295,-1.95161778046568,-1.94637223974763,-0.50400641025641,0.111749347258486,-1.97777777777778,-2,-1.5569637691142,0.715120872175699,-1.65625527604255,-1.911648698396,-1.98236249709909,-1.84382694336968,0.913603371575743,-1.06897599513826,-1.9909887359199,-2
"CritRealism","Surikov_KazakDmitriySokol",0.465161290322581,-0.064,-0.31496062992126,-0.308300395256917,-1.86472889882616,-0.230407523510972,0.455199476782211,-1.23286406646665,-0.663197455912113,-0.613445378151261,-1.03159527040124,-1.28178986122911,-1.66253443526171,-1.89783215282249,-1.63536624717651,-0.477290836653386,-0.617338487023744,-0.843322818086225,-0.670324645633288,-0.885206387466104,-0.56327021340547,-0.858283433133733,-1.45631067961165,-1.85,-1.86599576271186,-0.24585635359116,-0.0379495893514585,-1.04591476336237,-0.744481403084366,-0.982124079915878,-1.05208333333333,-1.43185378590078,-1.69305555555556,-1.89537056259082,-2,-1.55569600252805,-0.260341043390174,-0.00473310544307126,-0.548155024367603,0.159690467815688,-1.10653242800281,-1.63901549680948,-1.86783479349186,-1.94369307203975
"CritRealism","Surikov_MenshikovVBerezove",-2,-1.824,-1.81102362204724,-1.73122529644269,2,-0.629310344827586,-1.32243296272073,-2,-2,-2,-1.98681915099826,-1.97847635230813,-1.96418732782369,-1.90040781283537,2,-0.507569721115538,-1.28547763666483,-1.66140904311251,-2,-2,-2,-1.96362829895764,-1.9653634216741,-1.87211538461538,2,-0.912983425414365,-1.63976210705183,-2,-2,-2,-1.98477564102564,-1.98642297650131,-1.96388888888889,-1.90367448619473,2,-0.666455996207932,-1.92166132027689,-2,-1.98793223485728,-1.94231445655997,-1.98126902364786,-1.97933758735947,-1.96495619524406,-1.89180237372343
"CritRealism","Surikov_PerekhodSuvorovaCherezAlpy",0.474193548387097,-1.168,-1.1496062992126,-1.16205533596838,-1.53325880380101,-0.749216300940439,0.321778940483976,-0.797138241403185,-1.07950274645851,-1.08403361344538,-1.4603605349874,-1.14924950438969,-0.78236914600551,-1.73298991199828,-1.49532107131333,-0.747410358565737,-0.261733848702374,0.487907465825447,-0.527663465935071,-1.26724917143718,-1.234144875263,-1.31692171213129,-1.06796116504854,-1.74326923076923,-1.54078389830508,-0.874309392265193,-0.0923251203625035,-0.755827643042147,-1.01905049894164,-1.31650893796004,-1.43830128205128,-1.21357702349869,-0.797222222222222,-1.72181855926925,-1.52610552417688,-1.03049454890188,-0.724970454161742,-0.709439915855903,-1.208168948712,-1.03763629968343,-1.37906813392648,-1.05925250683683,-1.05782227784731,-1.68534363786917
"CritRealism","Surikov_PortretP.F.Surikovoy",-1.66967741935484,-0.096,-0.425196850393701,-0.450592885375494,-1.96534376746786,0.633228840125392,-0.550686723348594,-1.58919916916686,0.0583983810349812,1.39775910364146,-1.80383795309168,-1.81081846502407,-2,-2,-1.99935463052598,-0.00717131474103586,-0.231916068470458,-1.42586750788644,-1.12391403749428,0.95872250677915,-0.533213104899309,-1.65491239742737,-1.8247179218053,-2,-1.91472457627119,0.422651933701657,-0.982724440668366,-1.49140569813986,0.82189295433928,-0.101997896950578,-1.79567307692308,-1.87676240208877,-2,-2,-1.95646783303485,0.164006952125138,-1.2936012156002,-0.786221404154615,0.943606405198422,-0.950404502286317,-1.91852025286818,-1.99756912792464,-2,-2
"CritRealism","Surikov_UtroStreletskoiKazni",0.246451612903226,1.68,1.71653543307087,1.47826086956522,-1.7333705980995,0.199843260188088,0.113799869195553,-0.924532656358181,-0.928013876843018,-1.10644257703081,-1.76894747044001,-1.83007646559048,-1.83608815426997,-0.794591113972956,-1.75282349144885,-0.169721115537849,-0.251794588625069,-0.0294426919032597,-0.299039780521262,-1.24435070804459,-1.48902915539525,-1.74717232202262,-1.83626344791393,-0.593269230769231,-1.72775423728814,-0.0117403314917127,-0.241857830642877,-0.889569107605368,-0.867856062896885,-1.34910620399579,-1.77323717948718,-1.85274151436031,-1.84305555555556,-0.835789910732821,-1.48753271800523,0.0502449044082793,-0.890427148404525,-0.716802524322903,-1.32142028312834,-1.63418923672177,-1.868883165535,-1.88817988453358,-1.74868585732165,-0.677339221639525
"CritRealism","Surikov_ZhenskiyPortret",-0.881935483870968,1.024,0.803149606299213,0.49802371541502,-0.135830072666294,-0.738244514106583,-0.875081752779595,-1.68336025848142,-1.29343740965597,-0.798319327731092,-1.21767784454352,-1.09600679694138,-1.90633608815427,-1.90641768619876,0.0245240400129074,-0.709163346613546,-1.24019878520155,-1.7055730809674,-1.55189757658893,-1.34799638445315,-1.063420498948,-0.845863827899756,-1.61165048543689,-1.74519230769231,-0.172669491525424,-0.899861878453039,-1.08807703200227,-1.63833294089946,-1.10250982763834,-1.16719242902208,-1.15865384615385,-1.32950391644909,-1.92361111111111,-1.91280880215902,-0.421270147403224,-0.749881497866962,-1.39084923180821,-1.30581120168288,-1.10327222093293,-0.460780865283152,-1.2367127136502,-1.63536918869644,-1.95794743429287,-1.90394700524427
"Icons","Rublev_ApostolPavelIzDeisusnogoChina",-0.105806451612903,0.112,-0.299212598425197,-0.735177865612648,-1.96981553940749,-1.3730407523511,0.503597122302158,0.131548580660051,-0.249204972535415,-0.724089635854342,-1.03314595851909,-1.11639762107052,-1.90220385674931,-1.99914144666237,-1.99096482736367,-1.94103585657371,-1.21369409166207,1.35015772870662,1.72930955647005,-0.345284724314553,-0.756837992185152,-0.615214016411621,-1.29362372080819,-1.9875,-1.93326271186441,-1.2810773480663,0.175021240441801,0.203908641393925,-0.397338977925612,-1.12302839116719,-1.01682692307692,-1.22610966057441,-1.9125,-1.99916960763961,-1.18666482986637,-0.471164480960657,-0.294107715684619,-0.546410728372338,-0.871199814342075,-1.25571579317622,-1.86326387262936,-1.98176845943482,-2,-2
"Icons","Rublev_BozhieMateri",-0.0696774193548387,-0.8,-0.960629921259842,-1.47826086956522,-1.98993851313583,-1.4051724137931,-1.36036625245258,-1.73782598661436,-1.60335357039607,-1.61904761904762,-1.19519286683466,1.62390257717361,2,-1.7467267654003,-1.99483704420781,-1.74581673306773,-1.38487023743788,-1.85909568874869,-1.62871513488797,-1.61193130460982,-1.25338142470694,-0.153027278775782,2,-0.946153846153846,-1.97934322033898,-1.45372928176796,-1.49022939677145,-1.69295973628444,-1.62624735409737,-1.72134595162986,-1.17307692307692,1.37023498694517,2,-1.75171268424331,-1.90632318501171,-1.46026228472113,-1.64274860712477,-1.55613988956087,-1.5507078208401,0.384804783679212,0.970732849449778,0.528106958371316,-1.69862327909887,-1.99779188517803
"Icons","Rublev_DeisusniyChin1",1.46451612903226,-0.368,-0.598425196850394,-1.06719367588933,-2,-1.97021943573668,-0.31131458469588,0.606969766905147,0.838970800809482,0.0420168067226891,-1.17658460942043,-1.47550269045596,-1.9862258953168,-2,-1.99870926105195,-1.97609561752988,-2,-0.593059936908517,1.20256058527663,0.839409460680928,0.610159302675083,-0.765136393878909,-1.26843348202572,-1.98269230769231,-2,-1.92265193370166,-0.0334182951005381,0.655050623969861,0.680374962201391,-0.692954784437434,-1.18349358974359,-1.51958224543081,-1.98194444444444,-2,-0.46480231436837,-0.522989413809449,-0.618267769711295,0.00999211149092821,-1.53956834532374,-1.82694336967992,-1.99063451182393,-2,-2,-2
"Icons","Rublev_DeisusniyChin2",1.55548387096774,1.728,1.85826771653543,2,-1.96143096702068,-1.34247648902821,0.120340091563113,-0.838679898453727,-0.0433651344319167,0.829131652661064,-0.963364993215739,-1.33163409798924,-1.98347107438017,-1.86005580596695,-1.97418522103904,-1.66932270916335,-1.25897294312535,-0.778128286014721,-0.101508916323731,-0.439288942452546,-0.229035166816952,-0.448436460412508,-0.448701128312779,-1.66730769230769,-1.95656779661017,-1.24654696132597,0.0232228830359671,-0.922533553096303,0.289688539461748,-0.017875920084122,-1.10897435897436,-1.52689295039164,-1.9875,-1.86464604525638,-1.31064884970382,-0.304945489018802,0.0698970116495019,-0.181435708651065,-1.44395451380831,-1.80724586704186,-1.94848981503161,-1.97569127924643,-1.9909887359199,-1.82114269942037
"Icons","Rublev_DeisusniyChin3",1.59225806451613,2,1.82677165354331,2,-1.99832308552264,-0.938871473354232,2,0.0346180475421186,-1.13616652211622,-0.0168067226890756,-1.66892808683853,-1.95242141036534,-1.86914600550964,-1.78106889890534,-1.93933526944176,-1.47330677290837,-0.554389839867477,0.834910620399579,0.081390032007316,-0.987646881590841,0.0643222122031861,-0.750942559325793,-1.71660981369719,-1.71057692307692,-1.99258474576271,-0.62085635359116,2,-0.854720979514952,-0.882370728757182,-0.617245005257624,-1.81410256410256,-1.95718015665796,-1.85416666666667,-1.79821465642516,-1.65229370436699,1.30289145204614,-0.390005065000844,-0.98711543518275,-1.92016709213275,-1.97186071051706,-1.97658627955982,-1.94287450622911,-1.88485607008761,-1.7659398288711
"Icons","Rublev_DeisusniyChin4",1.35483870967742,1.424,2,2,-1.98993851313583,-1.37225705329154,0.258992805755396,-0.288483729517655,0.429603931772188,0.00140056022408964,-1.19596821089358,-1.7065986972529,-1.82093663911846,-1.78965443228161,-1.95288802839626,-1.59521912350598,-1.21369409166207,0.103049421661409,0.800182898948331,-0.288641156974992,-0.551247370003006,-0.921268573963185,-0.978745736027289,-1.56923076923077,-1.99046610169492,-1.39295580110497,0.190880770320023,-0.205792323993407,0.567886301784094,-0.472134595162986,-1.38541666666667,-1.81096605744125,-1.84166666666667,-1.79738426406477,-1.87932222069156,0.0729973139516511,0.519669086611514,-0.228766763081778,-1.74379206312369,-1.96201195919803,-1.92882228986186,-1.83105439076269,-1.95294117647059,-1.74606679547336
"Icons","Rublev_EvangelistIoann",1.69483870967742,1.472,1.16535433070866,0.403162055335968,-1.96198993851314,-1.94514106583072,-1.42446043165468,-0.356796676667436,2,0.469187675070028,-1.07578988176003,-1.345227980742,-1.65426997245179,-2,-1.9567602452404,-1.85258964143426,-1.70844837106571,-0.41850683491062,1.3013260173754,1.01175052726725,0.0498948001202284,-0.744732756708805,-1.59695617948045,-1.99038461538462,-1.96345338983051,-1.93093922651934,-1.47436986689323,0.0419119378384742,1.62382824312065,-0.10410094637224,-1.0400641025641,-1.46005221932115,-1.57916666666667,-2,-1.91569086651054,-0.957813240638332,-0.575721762620294,-0.263476202997633,-0.357855650963101,0.0105522335561027,-1.45211894169984,-1.58189000303859,-1.97997496871089,-2
"Icons","Rublev_EvangelistLuka",1.88258064516129,-0.096,0.677165354330709,0.213438735177866,-1.92174399105646,-1.71943573667712,-1.27141922825376,-0.717747519039926,0.72217403873952,0.415966386554622,-1.02771855010661,-0.783347493627867,-1.04407713498623,-1.95192101309294,-1.73991610196838,-1.62788844621514,-1.40806184428493,-0.824395373291272,-0.346593507087334,-0.888821934317566,-0.00541027953110911,-0.539809270348192,-0.488585673051692,-1.47115384615385,-1.94968220338983,-1.76174033149171,-0.983857264231096,-0.389451377442901,0.257030541276081,-0.385909568874869,-1.00641025641026,-0.975456919060052,-0.883333333333333,-1.87959310774341,-1.82642237222758,-0.988781798072365,-0.485902414317069,-0.523271101761767,-0.869343235089348,-0.159690467815688,-0.878014516506673,-1.52354907323002,-1.96795994993742,-2
"Icons","Rublev_Michael_the_Archangel_Zvenigorodskii",1.04516129032258,-1.104,-1.19685039370079,-1.33596837944664,-2,-1.98510971786834,-1.03073904512753,-0.0475421186245096,1.30731425267418,0.411764705882353,-1.54022097305679,-1.25460209572359,-0.951790633608815,-1.88667095943335,-2,-1.99760956175299,-1.95361678630591,-0.6267087276551,1.01600365797897,0.582705634227177,0.310790501953712,-1.16877356398314,-1.31671477302545,-0.955769230769231,-2,-1.94129834254144,-0.912489379779099,0.225570991287968,1.47747202902933,-0.603575184016824,-1.57692307692308,-1.35456919060052,-1.03888888888889,-1.85966369109404,-1.99889791982367,-1.65808184547322,0.636501772750296,1.29634499079674,-0.744024135530285,-1.04045022863173,-1.91664715523297,-1.99756912792464,-1.99799749687109,-2
"Icons","Rublev_PrazdnichniyChin1",1.7341935483871,1.632,2,2,-1.93515930687535,-1.0141065830721,-0.198822759973839,-0.361412416339718,-0.355594102341717,0.46218487394958,-0.974995154099632,-1.53780798640612,-1.90220385674931,-1.91929598626315,-1.99096482736367,-1.7402390438247,-1.11871893981226,-0.94006309148265,-1.01417466849566,-0.601988550768304,-0.273519687406072,-0.161898425371479,-0.141170296510102,-1.55192307692308,-1.88771186440678,-0.958563535911602,0.185216652506372,-0.822698375323758,-0.265497429694587,-0.350157728706625,-1.05608974358974,-1.59268929503916,-1.92361111111111,-1.9227735104837,1.31285301005648,-0.155158792858271,-1.67651527941921,-1.99894819879043,-1.9721513112091,-1.87618712627506,-1.9606649496605,-1.95138255849286,-1.95794743429287,-1.93817278498482
"Icons","Rublev_PrazdnichniyChin2",1.29032258064516,0.272,0.125984251968504,-0.529644268774704,-1.73840134153158,-1.59012539184953,-1.33028122956181,-1.08146780521579,-0.989303266840127,-0.389355742296919,-0.54855592169025,-0.506938544321722,-0.158402203856749,-1.52607855763039,-1.8728622136173,-1.52191235059761,-1.63114301490889,-1.49737118822292,-1.01051668952904,-0.826152455558903,0.0318605350165314,-0.382789975604347,-0.344791393335083,-0.931730769230769,-1.7176906779661,-1.58563535911602,-1.17303879920702,-1.33882740758182,-0.985182945267614,-0.923238696109359,-0.532852564102564,-0.571279373368146,-0.1125,-1.47519202823334,-1.65670202507232,-1.28772317901722,-0.824244470707412,-0.191953720746779,-0.793223485727547,-0.446711220541681,-0.745961133224069,-1.12731692494682,-1.96195244055069,-2
"Icons","Rublev_PrazdnichniyChin3",1.53806451612903,1.488,1.03937007874016,0.766798418972332,-1.91559530463946,-1.47257053291536,-0.0091563113145847,-1.01684744980383,-0.596126047990749,-0.442577030812325,-1.2556697034309,-0.48541489662985,-0.192837465564738,-1.78106889890534,-1.9567602452404,-1.56653386454183,-1.09552733296521,0.521556256572029,-0.514860539551898,-0.981620970171738,-0.487526299969943,-0.882235528942116,-0.522172658094988,-1.15961538461538,-1.9073093220339,-1.42127071823204,-0.469555366751628,-0.946079585589828,-0.657393407922588,-0.873817034700315,-1.27964743589744,-0.5911227154047,-0.00416666666666667,-1.77662445505501,-1.75864444138311,-0.665823984831727,-0.387979064663177,-0.556928740468052,-0.993734045022047,-0.715441435103764,-1.30695387497073,-1.29504709814646,-1.9188986232791,-1.99668782776704
"Icons","Rublev_PrazdnichniyChin4",1.40838709677419,-0.624,-1.33858267716535,-1.30434782608696,-1.88429290106205,-1.02664576802508,-0.432962720732505,-0.36879759981537,-0.301243133853715,0.868347338935574,-0.949408800155069,-1.64316057774002,-2,-2,-1.93739916101968,-1.199203187251,-1.23909442297073,-0.056782334384858,0.498399634202103,-0.201868032539922,0.212203186053502,-0.799733865602129,-1.66517974284965,-1.99903846153846,-1.86334745762712,-1.1353591160221,-0.505805720758992,-0.401695314339534,-0.207438766253402,0.138801261829653,-1.0088141025641,-1.65013054830287,-1.99444444444444,-2,-1.38944758231161,-0.423131616369095,-0.209015701502617,0.458059426768341,-1.09770248317475,-1.79880408019698,-1.99812690236479,-2,-2,-2
"Icons","Rublev_PrazdnichniyChin5",1.35096774193548,-0.432,-0.598425196850394,-0.134387351778656,-1.99944102850755,-1.05094043887147,1.3943754087639,-0.48234479575352,-0.662041052327262,-0.301120448179272,-1.14634619112231,-1.33276692155197,-1.87603305785124,-2,-1.98967408841562,-1.32589641434263,-0.358917725013805,1.24079915878023,0.116140832190215,-0.579090087375716,-0.556056507363992,-0.955866045686405,-1.51193912358961,-1.98269230769231,-1.99523305084746,-0.959254143646409,0.92155196828094,-0.647515893571933,-0.560628968853946,-0.799158780231335,-1.16025641025641,-1.38381201044386,-1.83888888888889,-1.99916960763961,-1.98181567709051,-0.707536735661242,1.02144183690697,-0.149881672363923,-1.10234393130657,-1.44987689060851,-1.96347459611332,-1.99878456396232,-2,-2
"Icons","Rublev_SpasIzDeisusnogoChina",-1.04258064516129,0.128,-0.283464566929134,-0.814229249011858,-1.98826159865847,-1.81269592476489,-1.3407455853499,0.221093930302331,1.93871061000289,1.45518207282913,-1.62861019577437,-1.928632115548,-1.98347107438017,-1.9965657866495,-1.99612778315586,-1.89561752988048,-1.9436775262286,-1.57097791798107,0.98856881572931,2,1.61767357980162,-1.42692392991794,-1.92128050380478,-1.98942307692308,-1.98728813559322,-1.79627071823204,-1.28292268479184,0.733223451848364,2,0.120925341745531,-1.70352564102564,-1.94151436031332,-1.98611111111111,-1.99667843055844,-1.97630527620884,-1.4564702164639,1.52861725476954,0.786221404154615,-1.22951961011836,-1.89166373549068,-1.98876141418871,-1.99270738377393,-1.99299123904881,-2
"Icons","Rublev_Sretenie",1.48129032258065,0.544,0.31496062992126,-0.308300395256917,-1.99105645612074,-1.56191222570533,-0.400261608894702,-0.760212324024925,0.191384793292859,-0.00840336134453781,-0.804419461135879,-0.764089493061456,-1.39256198347107,-1.9407598197038,-1.97483059051307,-1.78247011952191,-1.75924903368305,0.117770767613039,-0.469135802469136,-0.22597167821633,0.0679290652239255,0.0705256154357951,-0.870637627919181,-1.89423076923077,-1.98516949152542,-1.35566298342541,-0.537524780515435,-0.91028961619967,0.298155427880254,-0.661409043112513,-0.826121794871795,-0.933681462140992,-1.33888888888889,-1.93855096533112,-1.97685631629701,-1.18091325643862,0.161067026844504,0.114120431238496,-0.710605708981202,-0.832219486457967,-1.65347693748537,-1.50045578851413,-1.8468085106383,-1.99116754071212
"Icons","Rublev_Troitsa",0.800645161290323,0.256,-0.015748031496063,-0.845849802371542,-2,-1.73275862068966,-1.16677567037279,-1.5245788137549,-0.522116218560278,1.64705882352941,-0.173289397169994,-0.462758425375248,-1.40771349862259,-1.92874007297703,-2,-1.93067729083665,-1.36940916620652,-1.75184016824395,-1.35985368084134,-0.53449834287436,1.0297565374211,0.33666001330672,-0.616636053529257,-1.73846153846154,-2,-1.71339779005525,-1.38034551118663,-1.4716270308453,-0.346537647414575,0.685594111461619,-0.178685897435897,-0.57023498694517,-1.37916666666667,-1.92941664936683,-1.88813886210222,-1.18786538157687,-0.228600371433395,0.87352090454904,-0.467393826873985,-0.874428420682378,-1.73589323343479,-1.83834700698876,-2,-2
"Icons","Rublev_TsarskieVorota1",1.33161290322581,1.136,0.614173228346457,-0.355731225296443,-1.87087758524315,-1.36363636363636,-0.818835840418574,-0.438033694899608,-0.345186470078057,0.355742296918768,0.0407055630936228,-1.75417728688757,-1.99862258953168,-2,-1.79799935463053,-1.59601593625498,-1.68083931529542,-1.4279705573081,-1.19890260631001,-1.21301596866526,0.801322512774271,1.58483033932136,-1.74809761217528,-1.99711538461538,-1.87870762711864,-1.29627071823204,-0.250920419144718,-0.545797033199906,-0.89567583912912,-0.092534174553102,-0.125,-1.77963446475196,-1.99444444444444,-2,-1.47375671580107,-0.170959077263391,-0.742529123754854,0.44228240862477,-0.714318867486656,-1.67639817094618,-1.94474361976118,-1.99756912792464,-2,-2
"Icons","Rublev_TsarskieVorota2",1.53677419354839,0.528,0.15748031496063,-0.513833992094862,-1.96981553940749,-1.46708463949843,-0.586003924133421,-1.1682437110547,-0.494362532523851,1.08403361344538,-0.441558441558442,-0.534126309827244,-1.90358126721763,-1.99399012663662,-1.97095837366893,-1.78725099601594,-1.55052457205964,-0.837013669821241,-0.83493369913123,-0.493522145224465,0.544033663961527,-0.255932579285873,-0.336394647074259,-1.75,-1.90783898305085,-1.37983425414365,-0.880770320022656,-1.0741700023546,-0.39250075597218,0.275499474237645,-0.513621794871795,-0.773890339425587,-1.93472222222222,-1.99501764583766,-1.8490150158424,-1.17712118818139,-0.675671112611852,0.428608992900342,0.502668832675795,-0.463594794231446,-1.947553266214,-1.98176845943482,-1.99799749687109,-1.99779188517803
"Icons","Rublev_Zefania",1.34129032258065,-0.384,-1.22834645669291,-1.03557312252964,-1.99776411403018,-0.362852664576802,0.592544146500981,-1.51811677821371,-1.54668979473836,-0.880952380952381,-0.802093428959101,-0.346077598414047,-1.27272727272727,-1.75960506546469,-1.99612778315586,-1.46294820717131,-0.912203202650469,-0.898002103049422,-0.705075445816187,-0.90087375715577,-1.39164412383529,-1.43490796185407,-0.825505116767253,0.899038461538462,-1.98516949152542,0.279696132596685,-0.764089493061456,-1.65151871909583,-1.47142425158754,-0.852786540483701,-0.798076923076923,-0.899216710182768,-1.35833333333333,-1.76416856964916,-1.71015291362447,0.86490756833623,-0.00506500084416681,-1.18064685774389,-1.74843351125551,-1.73126978543792,-1.83797705455397,-1.84807049529019,-1.90387984981227,-1.93265249792989
"Modernism","Kandinskii_BezNazvaniya2",1.89032258064516,-0.416,0.141732283464567,0.766798418972332,-2,-1.74921630094044,-0.167429692609549,-0.486037387491346,-0.764960971379011,-0.747899159663866,-1.24946695095949,-0.750495610308694,-0.831955922865014,-0.83322601416613,-1.99935463052598,-1.75776892430279,-1.11430149088901,-0.694006309148265,-0.769090077732053,-0.924977402832178,-0.78809738503156,-0.916833000665336,-0.610338493833639,0.153846153846154,-2,-1.52624309392265,-0.0345511186632682,-0.765246056039557,-0.95736316903538,-1.11356466876972,-1.17948717948718,-0.993211488250653,-0.863888888888889,-0.858210504463359,-1.97465215594434,-1.40717332911992,-0.716866452811075,-0.445437812253484,-0.912972847528429,-0.393246570524094,-1.1187075626317,-1.09814646004254,-1.45832290362954,-1.10571349710185
"Modernism","Kandinskii_BezNazvaniya3",1.71741935483871,-0.592,-0.535433070866142,-0.403162055335968,-1.73392956959195,-0.971786833855799,0.0405493786788751,-0.723286406646665,-0.507082971957213,-0.724089635854342,-1.15332428765265,-0.692721608609459,-1.52479338842975,-1.93389139300279,-1.5566311713456,-0.70597609561753,-0.659304251794589,-0.115667718191377,-0.331961591220851,-1.37812594154866,-1.54313195070634,-1.46063428698159,-0.528470217790606,-1.18557692307692,-1.73146186440678,-1.07872928176796,-0.356273010478618,-0.647515893571933,-0.344118536437859,-0.762355415352261,-1.19230769230769,-0.936814621409922,-1.68611111111111,-1.92360390284409,-1.76635900261744,-1.20935376836783,-0.99240249873375,-0.607415198527478,-0.509166860060339,0.149841716496658,-1.12713650199017,-1.04709814646004,-1.64055068836045,-1.99006348330113
"Modernism","Kandinskii_BezNazvaniya",1.22,1.36,0.236220472440945,-1.11462450592885,-0.794857462269424,-1.18495297805643,0.193590582079791,-0.384491114701131,-0.21335646140503,-0.243697478991597,-1.90230664857531,-1.9399603511753,-2,-2,-1.23330106485963,-1.13705179282869,-1.40254003313087,-0.967402733964248,-0.0704160951074531,0.0150647785477553,0.224226029455966,-1.06231980483477,-1.84361060089215,-2,-0.717690677966102,-1.15883977900552,0.304163126593033,-0.838709677419355,0.127608104021772,-1.16298633017876,-1.91666666666667,-1.94464751958225,-2,-2,0.660421545667447,0.154526781482067,-1.2814452135742,-1.90323428871943,-1.89510327222093,-1.80161800914527,-1.94193397330836,-2,-2,-2
"Modernism","Kandinskii_DenVsekhSvyatikh",2,-1.472,-0.393700787401575,0.308300395256917,-1.97205142537731,-1.66300940438871,-0.665794637017659,-0.601430879298408,0.103498120844175,0.514005602240896,-0.910641597208761,-1.02577173605211,-1.21074380165289,-1.8849538527581,-1.59083575346886,-1.00717131474104,-0.794036443953617,0.212407991587802,0.275262917238226,-0.428442301898162,-0.700330628193568,-1.19716123308938,-1.50459197061139,-1.94615384615385,-1.98252118644068,-1.73342541436464,-0.987255734919286,-0.775606310336708,0.0622921076504385,-0.07465825446898,-0.748397435897436,-0.943080939947781,-1.05416666666667,-1.82229603487648,-1.90467006474721,-1.44888607994944,-1.09167651527942,-0.465422035235341,-0.704107681596658,0.40450228631727,-0.806836806368532,-1.05560619872379,-1.55043804755945,-1.71846536019873
"Modernism","Kandinskii_DomaBMurnau",1.59161290322581,-1.248,-0.913385826771654,-1.5098814229249,-1.72666294019005,0.431034482758621,-0.708960104643558,-1.29656127394415,-0.50361376120266,0.970588235294118,-1.40763713898042,-1.91390540923251,-1.99173553719008,-2,-0.574378831881252,-1.04143426294821,-1.21479845389288,-1.34174553101998,-1.19890260631001,-0.95872250677915,-0.116020438833784,-0.585939232645819,-1.80687483600105,-1.99711538461538,-1.65307203389831,0.0296961325966851,-0.934013027470971,-1.20131857781964,-0.451768974901724,0.0883280757097792,-1.31490384615385,-1.88616187989556,-1.99305555555556,-2,-0.533131285301006,1.00331805972508,-1.01333783555631,-1.58979752826716,-1.81155720584822,-1.83679212099894,-1.92039335050339,-1.95502886660589,-1.99699624530663,-2
"Modernism","Kandinskii_Improvizatsiya",1.83161290322581,1.6,1.30708661417323,1.17786561264822,-1.99944102850755,-1.55329153605016,0.0117724002616089,-0.662358642972536,-0.252674183289968,0.30672268907563,-0.336886993603412,-1.19796091758709,-1.95592286501377,-2,-1.99870926105195,-1.71394422310757,-0.803975704030922,0.0883280757097792,-0.194787379972565,-0.541729436577282,-0.0318605350165314,-0.19294743845642,-1.23169771713461,-1.95576923076923,-1.99205508474576,-1.41229281767956,-0.232795242141037,-0.659759830468566,-0.247354097369217,-0.239747634069401,-0.37900641025641,-1.37441253263708,-1.96666666666667,-2,-1.97024383523901,-1.46152630747353,-0.826270471045079,0.0625821719694978,-0.110002320724066,0.799859303552585,-1.18707562631702,-1.74962017623823,-1.99599499374218,-2
"Modernism","Kandinskii_KartinaSBeloyKaymoy",1.75483870967742,1.216,1.24409448818898,0.909090909090909,-2,-1.49764890282132,0.0889470241988228,-0.955919686129702,-0.606533680254409,0.0126050420168067,-0.809071525489436,-0.668932313792127,-0.880165289256198,-1.94333547971668,-2,-1.64541832669323,-0.774157923799006,-0.197686645636172,-0.161865569272977,-0.765893341367882,-0.302374511571987,-0.765136393878909,-0.60718971398583,-1.50576923076923,-1.99841101694915,-1.4267955801105,-0.246389124893798,-0.942312220390864,-0.594496522527971,-0.528916929547844,-0.752403846153846,-0.778067885117493,-0.943055555555556,-1.94602449657463,-1.93001790880287,-0.883867909622373,-0.884349147391525,-0.546410728372338,-0.660478069157577,-0.193457615195216,-1.10278623273238,-0.931631722880583,-1.78172715894869,-2
"Modernism","Kandinskii_KladbishcheIDomPastoraVKokhele",1.49548387096774,-1.008,-0.818897637795276,-0.893280632411067,-2,-1.69122257053292,-0.415958142576848,-0.646665128086776,-0.629661751951431,0.428571428571429,-0.436906377204885,-0.205607476635514,-1.98484848484848,-2,-2,-1.73545816733068,-0.554389839867477,0.191377497371188,-0.580704160951075,-0.204278397107563,-0.477908025247971,-0.523841206475937,-0.736289687745998,-1.99711538461538,-2,-1.66850828729282,-0.546587369017276,-0.548622557099129,-0.542485636528576,-0.144058885383807,-0.497596153846154,-0.475195822454308,-1.9875,-2,-1.99944895991183,-1.88560594090694,-1.55495525915921,-0.458059426768341,0.0589463912740775,0.716848399577911,0.160618122219621,-0.85262838043148,-1.99799749687109,-2
"Modernism","Kandinskii_Luchnik",1.16709677419355,1.936,1.93700787401575,1.92094861660079,-1.57909446618222,-0.533699059561129,0.321778940483976,-0.305100392337872,-0.209887250650477,-1.57703081232493,-1.83950377980229,-1.66015293118097,-1.43112947658402,-1.48830221077484,-1.53339787028074,-0.768127490039841,-0.115958034235229,2,-0.52583447645176,-1.74209099126243,-1.70303576795912,-1.6158793524063,-1.32406192600367,-1.16826923076923,-1.58421610169492,-0.732044198895028,0.05380911922968,-0.115375559218272,-0.55216208043544,-1.52786540483701,-1.82612179487179,-1.67206266318538,-1.46666666666667,-1.48349595183724,-1.11833585893374,-0.0793174277136988,-0.169171028195171,-1.26373915330003,-1.60083546066373,-1.74393246570524,-1.85858112854133,-1.68520206624126,-1.57046307884856,-1.77035605851504
"Modernism","Kandinskii_MoskvaKrasnayaPloshchad",1.77677419354839,-0.944,-1.22834645669291,-1.33596837944664,-2,-1.40909090909091,0.541530412034009,-0.562658666051235,-0.294304712344608,-0.305322128851541,-1.08742004264392,-0.778816199376947,-1.46280991735537,-1.98540459326036,-2,-1.58645418326693,-0.151297625621204,0.502628811777077,-0.143575674439872,-0.811690268153058,-0.884280132251277,-0.966511421601242,-0.902125426397271,-1.45865384615385,-1.99735169491525,-1.34323204419889,0.176154064004531,-0.427125029432541,-0.346537647414575,-0.741324921135647,-1.04967948717949,-0.997389033942559,-1.51944444444444,-1.98754411459415,-1.94654911144786,-1.23021014378259,-0.69525578254263,-0.19300552195635,-0.553724762125783,0.203306366514246,-0.9210957621166,-1.50167122455181,-1.94292866082603,-1.99889594258901
"Modernism","Kandinskii_OseniiPeysazhSLodkami",1.75612903225806,-1.168,-0.094488188976378,-0.624505928853755,-1.37003912800447,-0.134012539184953,1.29234793982995,-1.07869836141242,-1.07950274645851,-1.13305322128852,-1.68365962395813,-1.52421410365336,-1.59641873278237,-1.9639407598197,-0.379477250726041,-0.0733067729083665,-0.989508558807289,-0.927444794952681,-1.35985368084134,-1.60831575775836,-1.65133754132852,-1.69571967176758,-1.44161637365521,-1.14230769230769,-1.3739406779661,-0.203038674033149,0.733503256867743,-1.14669178243466,-1.14847293619595,-1.31230283911672,-1.62019230769231,-1.64386422976501,-1.65,-1.92526468756487,-1.25058548009368,-0.905356296413335,-0.811413135235522,-0.248750986063634,-0.835924808540265,-0.208934224410834,-1.53828143291969,-1.84563962321483,-1.96795994993742,-1.98564725365719
"Modernism","Kandinskii_PeysazhSDozhdem",1.90258064516129,-1.424,-1.41732283464567,-1.17786561264822,-1.66517607602012,-1.30485893416928,-0.354480052321779,-1.11008539118394,-1.12113327551315,-0.817927170868347,-1.00290754022097,-0.412914188615123,-0.15564738292011,-1.77420047220434,-1.65214585350113,-1.21593625498008,-1.04030922142463,-0.712933753943218,-0.712391403749428,-0.811690268153058,-0.598136459272618,-0.602794411177645,-0.519023878247179,-1.76923076923077,-1.64036016949153,-1.34461325966851,-0.606627017841971,-1.18624911702378,-1.12428182642879,-1.16824395373291,-1.06891025641026,-0.573368146214099,-0.0944444444444444,-1.60058127465227,-1.31671029067365,-1.20745773423922,-1.2206652034442,-0.904023139626611,-1.18403341842655,-0.452339078438269,-0.910793725122922,-0.761470677605591,-1.24705882352941,-1.88296991443555
"Modernism","Kandinskii_SiniiGreben",1.77032258064516,-1.296,-1.74803149606299,-1.60474308300395,-1.75069871436557,-0.565047021943574,-0.194898626553303,-0.736210477729056,-0.431916738941891,0.147058823529412,-0.971893777863927,-1.59444916454262,-1.99724517906336,-2,-1.73539851565021,-0.597609561752988,-0.611816675869685,0.220820189274448,0.194787379972565,-0.487496233805363,-0.462278328824767,-1.30095364825904,-1.91603253739176,-1.99903846153846,-1.6885593220339,-0.734806629834254,-0.523930897762673,-0.746409230044737,-0.403386755367402,-0.320715036803365,-0.969551282051282,-1.62610966057441,-1.99583333333333,-2,-1.75423612067778,-1.03681466266393,-0.945804490967415,-0.298185642913489,-0.394987236017638,0.276468519169891,-1.07749941465699,-1.73746581586144,-1.98798498122653,-2
"Modernism","Kandinskii_SpalnyaVAynmillerstrasse",1.76709677419355,1.232,0.755905511811024,-0.450592885375494,-1.48462828395752,-1.24373040752351,0.0797907128842381,-0.945765058850681,-0.766117374963862,-0.23109243697479,-0.922271758092654,-0.783347493627867,-1.78099173553719,-1.97510195320884,-1.53856082607293,-1.13625498007968,-0.14246272777471,-0.464773922187171,-1.01600365797897,-1.3745103946972,-1.02134054703937,-0.989576402750055,-1.20545788506954,-0.934615384615385,-1.44968220338983,-1.34737569060773,-0.639478901161144,-0.594772780786437,-0.496522527970971,-0.737118822292324,-1.14503205128205,-0.86579634464752,-1.575,-1.96844509030517,-0.689075630252101,0.10333386000948,-1.04102650683775,-1.03129108598475,-1.35483870967742,-1.19943721421034,-1.79583235776165,-1.88210270434518,-1.94192740926158,-1.97350262213635
"Modernism","Kandinskii_SvyatoyGeorgii",1.89290322580645,-1.376,-0.740157480314961,-0.798418972332016,-1.99496925656792,-1.73432601880878,-0.788750817527796,-0.44541887837526,0.231858918762648,0.858543417366947,-0.850164760612522,-1.00311526479751,-1.65013774104683,-1.95277956643056,-1.78444659567602,-1.42868525896414,-0.7829928216455,0.923238696109359,1.13122999542753,-0.245254594757457,-0.581304478509167,-1.3107119095143,-1.65783258987142,-1.91153846153846,-1.99417372881356,-1.82044198895028,-1.05635797224582,-0.610784082882034,0.384033867553674,-0.0946372239747634,-0.646634615384615,-0.891906005221932,-1.425,-1.92360390284409,-1.95646783303485,-1.61194501501027,-0.766165794360966,0.875624506968183,0.255743792063124,0.0963770664790714,-1.58323577616483,-1.89911880887268,-1.99299123904881,-2
"Modernism","Kandinskii_Utverzhdenie",-0.265161290322581,-0.512,-0.488188976377953,-0.434782608695652,-0.642258244829514,-1.34796238244514,-0.122956180510137,-0.511885529656127,-1.36166522116219,-1.19187675070028,-1.48672223299089,-0.313225715094874,-1.98209366391185,-2,-0.404001290738948,-1.4,-0.398674765323026,0.967402733964248,-1.31229995427526,-1.60711057547454,-1.56837992185152,-0.803282324240408,-1.38178955654684,-2,-0.702860169491525,-1.44129834254144,-0.605494194279241,-0.37909112314575,-1.23677048684608,-1.31545741324921,-1.47916666666667,-0.466840731070496,-1.98888888888889,-2,-0.579969692795151,-1.00268604834887,-1.02346783724464,-1.05968971864318,-1.44581109306104,-1.13190291945128,-1.23202996956216,-0.56578547553935,-2,-2
"Modernism","Kandinskii_VSerom",1.55741935483871,-0.336,0.440944881889764,-0.0237154150197628,-2,-1.82210031347962,-0.973185088293002,-1.22178629125317,-0.431916738941891,1.29271708683473,0.181042837759256,-0.774284905126027,-1.80165289256198,-2,-1.99870926105195,-1.83824701195219,-1.64660408614025,-1.29968454258675,-0.575217192501143,0.352515818017475,1.28944995491434,-0.163672654690619,-1.34715297822094,-1.93365384615385,-2,-1.64433701657459,-1.23760974228264,-1.21921356251472,-0.530390081644995,0.304942166140904,0.293269230769231,-0.770757180156658,-1.78472222222222,-2,-1.97134591541535,-1.42486964765366,-1.00793516798919,0.153037075992637,0.433047110698538,0.913823425958495,-1.54577382346055,-1.93436645396536,-2,-2
"Modernism","Kandinskii_VSinem",0.295483870967742,-1.424,-1.35433070866142,-1.25691699604743,-1.81498043599776,2,1.78809679529104,-1.20701592430187,-1.65770453888407,-1.83893557422969,-2,-2,-2,-2,-1.73281703775411,2,-0.332413031474324,-1.19453207150368,-1.42569730224051,-1.46128351913227,-1.33393447550346,-1.69305832778887,-1.89713985830491,-2,-1.72775423728814,2,0.960067969413764,-1.59971744761008,-1.79074690051406,-1.8937960042061,-2,-2,-2,-2,-1.84185149469624,0.541317743719387,0.652709775451629,-0.736786747304759,-1.81527036435368,-1.89729159338727,-2,-2,-2,-2
"Modernism","Kandinskii_ZelenayaUlochkaVMurnaya",1.70967741935484,0.176,0.566929133858268,0.49802371541502,-2,-1.86990595611285,-0.341399607586658,-0.252480960073852,-0.78461983232148,-0.65546218487395,-0.845512696258965,0.442367601246106,-1.14876033057851,-2,-1.99935463052598,-1.66135458167331,-0.0430701270016565,0.155625657202944,-0.405121170553269,-1.39138294667068,-1.44214006612564,-1.29208250166334,0.550511676725269,-1.23653846153846,-2,-1.89986187845304,-0.747097139620504,-0.164351306804803,-0.634411853643786,-1.02523659305994,-0.700320512820513,0.137859007832898,-1.04166666666667,-1.99750882291883,-1.96032511365202,-1.24601042818771,-0.0901570150261692,0.763081777544044,-0.906474820143885,-1.19803024973619,-1.33505033949895,-1.45062291096931,-1.92290362953692,-1.99779188517803
"Modernism","Kandinskii_Zheltoe-krasnoe-sinee",1.71032258064516,-0.464,-0.818897637795276,-0.735177865612648,-1.97987702627166,-1.59796238244514,-1.14453891432309,-1.44241864758828,-0.956923966464296,-0.763305322128851,-0.216708664469859,1.32030586236194,-0.928374655647383,-2,-1.97418522103904,-1.69800796812749,-1.63666482606295,-1.38801261829653,-1.18792866941015,-1.12383247966255,-0.231439735497445,0.0634286981592371,0.140120703227499,-1,-1.96716101694915,-1.58080110497238,-1.19116397621071,-1.31810689898752,-0.997278500151194,-1.11671924290221,-0.346955128205128,1.08720626631854,-0.856944444444444,-2,-1.87822014051522,-1.56391215041871,-1.30913388485565,-0.401262161451486,-0.329078672545834,1.15863524446008,-0.236478576445797,-1.60498328775448,-1.99799749687109,-2
"SocRealism","Belousov_PokushenieNaLenina",0.309677419354839,0.016,0.078740157480315,0.245059288537549,-0.837339295695919,0.626959247648903,-0.0143884892086331,-1.08146780521579,-0.739520092512287,-1.54901960784314,-1.93564644310913,-1.92183517417162,-1.9435261707989,-1.95621377978107,-1.96644078735076,1.59760956175299,-0.354500276090558,-0.35751840168244,0.171010516689529,-1.2564025308828,-1.76074541629095,-1.91128853404303,-1.92128050380478,-1.93269230769231,-0.628707627118644,0.013121546961326,-0.259983007646559,-1.00635742877325,-0.762624735409737,-1.71713985278654,-1.93269230769231,-1.93524804177546,-1.95138888888889,-1.95848038198049,-0.0922992147678744,0.012324221835993,-1.2753672125612,-1.12279779121746,-1.22766303086563,-1.76222300386915,-1.93912432685554,-1.95624430264357,-1.96695869837297,-1.97681479436931
"SocRealism","Deyneka_1960OktyabrskieLozungiMiraUNevskoy",0.688387096774194,-0.288,0.220472440944882,0.545454545454545,-1.99441028507546,-1.65752351097179,-0.557226945716154,-0.851603969536118,-0.652789823648453,-1.15266106442577,-1.25644504748982,0.502407250070801,0.303030303030303,-1.83086499248766,-1.96708615682478,-1.62310756972112,-1.36720044174489,-0.384858044164038,-0.0118884316415181,-0.955106959927689,-0.215810039074241,0.604568640496784,-1.34190501180792,-1.78846153846154,-1.98781779661017,-1.63674033149171,-0.70291702067403,-0.754885801742406,-0.765043846386453,-1.41009463722397,-1.35657051282051,0.0981723237597911,0.795833333333333,-1.83807348972389,-1.996693759471,-1.8141886553958,-1.13422252237042,-0.374967131212201,-0.971455093989325,-1.3148083010904,-1.58698197143526,0.50015192950471,0.276846057571965,-1.76262765663815
"SocRealism","Deyneka_BudushieLiotshiki",-1.20258064516129,0.08,0.220472440944882,0.134387351778656,-2,-1.98432601880878,-0.875081752779595,-1.20609277636741,-1.15929459381324,-0.257703081232493,-0.181042837759256,2,-1.98209366391185,-2,-2,-1.95617529880478,-1.09331860850359,-1.50788643533123,-1.06904435299497,-0.162097017173848,2,0.306498114881348,-1.98425610076096,-2,-1.99947033898305,-1.97306629834254,-1.1005380911923,-1.05533317635978,-1.14363471424252,-0.763406940063092,-0.354166666666667,2,-1.98194444444444,-2,-1.99724479955917,-1.94943908990362,-1.69272328212055,-0.446489613463055,-0.9593873288466,-0.607105170594442,0.340435495200187,1.74111212397448,-1.99599499374218,-2
"SocRealism","Deyneka_LeviyMarsh",1.51483870967742,-0.24,0.047244094488189,-0.339920948616601,-1.8993851313583,-1.08307210031348,-0.107259646827992,-1.07777521347796,-1.10956923966464,-0.61624649859944,-0.878852490792789,-0.131973945058057,-0.690082644628099,-1.99914144666237,-1.64956437560503,-0.80796812749004,-1.02043070127002,-0.689800210304942,-0.99222679469593,-0.851461283519132,-0.150886684700932,-0.778443113772455,-1.12568879559171,-1.72596153846154,-1.84004237288136,-1.1878453038674,-0.466156896063438,-1.15328467153285,-1.06017538554581,-1.04416403785489,-0.973557692307692,-0.0877284595300261,-0.497222222222222,-1.99418725347727,-1.83854525416724,-1.47922262600727,-1.02009117001519,-0.565343150144623,-1.12462288233929,-0.377769961308477,-0.875204870053852,-0.381039197812215,-1.17797246558198,-1.63897322660778
"SocRealism","Deyneka_Perm?",0.654193548387097,1.152,1.07086614173228,0.893280632411067,-1.95528228060369,-1.78213166144201,-1.07390451275343,-1.59012231710132,-1.18589187626482,-0.771708683473389,-1.29521225043613,-0.225998300764656,1.5137741046832,-0.725906846962868,-1.94966118102614,-1.86135458167331,-1.83103257868581,-2,-1.48422496570645,-1.27327508285628,-0.800120228434025,-0.472388556220892,1.37444240356862,-0.210576923076923,-1.82521186440678,-1.73204419889503,-1.4018691588785,-1.54132328702614,-1.13153915935894,-1.15036803364879,-1.29727564102564,-0.383289817232376,1.36666666666667,-0.746107535810671,-1.71401019424163,-1.71559488070785,-1.63194327199055,-1.48356560610045,-1.46159201670921,-1.06014773126979,-0.922968859751815,-0.0139775144333029,0.53116395494368,-0.736958321832735
"SocRealism","Deyneka_PokoriteliKosmosa",0.992903225806452,-0.752,-0.78740157480315,-0.308300395256917,-1.99944102850755,-1.64733542319749,-0.372792674950948,2,-0.324371205550737,-0.030812324929972,-1.5076565225819,-1.9059756442934,-2,-2,-1.98902871894159,-1.66533864541833,1.50082827167311,1.6782334384858,-0.116140832190215,-0.606809279903585,-0.62819356777878,-1.7125748502994,-1.91708213067436,-2,-1.9989406779661,-1.64364640883978,-0.545454545454545,2,-0.167523435137587,-0.526813880126183,-1.53445512820513,-1.92689295039164,-1.99722222222222,-2,-1.98842815814851,-1.71433085795544,-1.13219652203275,0.0583749671312122,2,-0.304607808652831,-1.60852259424022,-1.92585840170161,-1.99899874843554,-2
"SocRealism","Deyneka_VObedenniyBereryvVDonbassa",1.12516129032258,0.576,0.409448818897638,0.798418972332016,-1.99832308552264,-1.21316614420063,0.111183780248528,-0.250634664204939,-0.962705984388552,0.30672268907563,-0.61911223105253,-1.41319739450581,-1.73002754820937,-1.9605065464692,-1.99548241368183,-1.38486055776892,-0.435118718939812,-0.317560462670873,-0.763603109282122,-0.739379331123832,0.220619176435227,-0.506098913284542,-1.40802938861191,-1.7375,-1.99364406779661,-0.979281767955801,-0.366468422543189,-0.343301153755592,-0.746900514061083,0.0315457413249211,-0.841346153846154,-1.64177545691906,-1.80277777777778,-1.97674901390907,-1.98016255682601,-1.1518407331332,-1.12746918791153,-0.750460163029187,-0.206544441865862,0.587407667956384,-0.779676890657926,-1.30841689456092,-1.83979974968711,-1.9470052442727
"SocRealism","Efanov_Airforce_Cadets_Meet_Stanislavskii",0.0870967741935484,1.456,0.488188976377953,-0.624505928853755,-1.99888205701509,1.37147335423198,1.31589274035317,-0.858066005077314,-1.30268863833478,-1.0546218487395,-1.86043806939329,-1.928632115548,-1.99449035812672,-2,-1.99935463052598,-0.0788844621513944,0.156819436775262,0.569926393270242,0.710562414266118,-1.21783669780054,-1.41448752629997,-1.52628077178975,-1.74494883232747,-1.9,-1.98993644067797,1.41919889502762,0.722175021240442,-1.14669178243466,-1.23435137586937,-1.41009463722397,-1.91266025641026,-1.96344647519582,-1.99861111111111,-2,-1.74321531891445,2,-0.546007091001182,-1.30055219563502,-1.92016709213275,-1.98593035525853,-2,-2,-2,-2
"SocRealism","Efanov_NezabyvaemayaVstrecha",-0.304516129032258,-0.272,-0.377952755905512,-0.545454545454545,-2,1.73040752351097,1.76978417266187,-1.06854373413339,-1.34547557097427,-1.6078431372549,-1.94107385152161,-1.97054658736902,-1.99724517906336,-2,-1.99612778315586,-0.127490039840637,2,1.40904311251314,-0.300868770004572,-1.55890328412172,-1.829275623685,-1.95741849634065,-1.99790081343479,-2,-1.99364406779661,1.84599447513812,0.5964316057774,-1.17494702142689,-1.39280314484427,-1.74132492113565,-1.92307692307692,-1.97911227154047,-1.99305555555556,-2,-1.93718142994903,1.12719228946121,0.0260003376667229,-0.856692085195898,-1.61568809468554,-1.86071051705944,-1.95785530320768,-1.99756912792464,-2,-2
"SocRealism","Efanov_StalinIVoroshilovVKremle",-0.363870967741936,0.512,0.409448818897638,0.403162055335968,-1.52934600335383,-0.807210031347962,-0.778286461739699,-1.31594738056774,-1.02283897080081,-1.21008403361345,-1.37817406474123,-0.355140186915888,0.455922865013774,-1.90040781283537,-1.59148112294288,-0.819123505976096,-1.00828271673109,-0.923238696109359,-0.544124371284865,-1.27086471828864,-1.24256086564472,-0.83078287868707,0.146418262923117,-1.83942307692308,-1.48252118644068,-0.996546961325967,-0.997451146983857,-1.27760772309866,-0.986392500755972,-1.41324921135647,-1.33573717948718,-0.446997389033943,0.375,-1.90533527091551,-1.67764154842265,-0.938220887975984,-1.34154989025831,-0.979752826715751,-1.29264330471107,-1.13753077734787,-1.23390306719738,-0.0601640838650866,-0.380976220275344,-1.89732266077836
"SocRealism","Grekov_Trubachi",1.59870967741935,0.224,0.913385826771654,1.08300395256917,-1.91112353269983,-1.37147335423198,-0.733812949640288,-1.43780290791599,-1.28187337380746,-0.592436974789916,0.129094785811204,0.1636930048145,-0.955922865013774,-1.9802532732346,-1.86834462729913,-1.33306772908367,-1.15184980673661,-0.950578338590957,-0.363054412437128,-0.218740584513408,1.15118725578599,-0.554890219560878,-1.85515612700079,-1.98365384615385,-1.88400423728814,-1.47582872928177,-1.04389691305579,-1.41700023546032,-1.26821892954339,-1.12828601472135,0.0769230769230769,-0.213054830287206,-0.0722222222222222,-1.95681959725971,-1.79280892684943,-1.36609258966661,-1.37396589566098,-0.537996318695766,-0.121141796240427,-0.36229335209286,-1.49332708967455,-0.64721969006381,-0.913642052565707,-1.90505106265526
"SocRealism","Konchalovskii_Letom",1.98645161290323,-0.608,-0.535433070866142,-0.814229249011858,-1.8557853549469,-1.39811912225705,-0.671026814911707,-0.747288252942534,0.126626192541197,0.030812324929972,-1.20449699554177,-0.999716794109317,-0.935261707988981,-1.80167417900837,-1.80187157147467,-1.4207171314741,-1.20154610712314,-0.593059936908517,-0.40695016003658,-0.812895450436879,-0.438232642019838,-0.580616544688401,-0.764628706376279,-1.3,-1.85169491525424,-1.46339779005525,-0.736901727555933,-0.485519190016482,0.11672210462655,-0.768664563617245,-1.2588141025641,-1.21671018276762,-0.977777777777778,-1.57982146564252,-1.55090232814437,-0.775161952915152,-0.263717710619618,0.224559558243492,-0.865630076583894,-1.09391487864931,-1.74900491688129,-1.87359465208143,-1.97596996245307,-1.99116754071212
"SocRealism","Konchalovskii_SPokosa",1.70322580645161,0.4,0.551181102362205,0.16600790513834,-1.99217439910565,-1.75235109717868,0.134728580771746,-0.273713362566351,0.0745880312228968,0.757703081232493,-0.851715448730374,-1.48343245539507,-1.90495867768595,-2,-1.9864472410455,-1.49003984063745,-0.00110436223081171,1.1608832807571,1.03429355281207,-0.0222958722506779,-0.68590321611061,-1.5014415613218,-1.86145368669641,-1.97596153846154,-1.98305084745763,-1.78176795580111,-0.425375247805154,-0.228396515187191,0.14091321439371,-0.0609884332281809,-0.676282051282051,-1.34621409921671,-1.85138888888889,-2,-1.93828351012536,-1.59804076473377,-0.425797737632956,1.04286089929003,-0.382919470874913,-0.645093211396412,-1.3818777803793,-1.60862959586752,-1.95994993742178,-1.98895942589015
"SocRealism","Sysoeva_LeninNaSubbotnike",1.41483870967742,1.712,1.32283464566929,0.8300395256917,-1.95695919508105,-1.26175548589342,-0.553302812295618,-0.497115162704823,-0.209887250650477,-0.361344537815126,-1.03779802287265,-1.37468139337298,-0.296143250688705,-1.91414466623739,-1.99935463052598,-1.79203187250996,-1.16620651573716,-0.372239747634069,0.622770919067215,-0.442904489304007,-0.529606251878569,-0.896429363495232,-1.25268958278667,-0.663461538461538,-1.89406779661017,-1.26657458563536,-0.647408666100255,-0.34141747115611,-0.391291200483822,-0.711882229232387,-1.11939102564103,-1.51749347258486,-0.263888888888889,-1.97093626738634,-1.85507645681223,-1.14804866487597,-0.776971129495188,0.0836181961609256,-0.359712230215827,-0.612733028491031,-1.62444392413955,-0.608325736858098,-1.99299123904881,-2
"SocRealism","Usikov_LeninIDetiNaElke",1.0341935483871,0.624,0.409448818897638,0.814229249011858,-2,-1.98432601880878,-0.801831262262917,0.620816985921994,-0.0167678519803411,-0.488795518207283,-0.94320604768366,-0.497875955819881,-1.54269972451791,-1.99055591328611,-2,-1.99123505976096,-1.68746548868029,0.988433228180862,1.16598079561043,0.174148840012052,0.0138262699128344,-0.492792193390996,-1.54867488848071,-1.96923076923077,-1.9989406779661,-1.95234806629834,-0.390257717360521,0.517541794207676,-0.225582098578772,-0.870662460567823,-0.874198717948718,-0.753002610966057,-1.58333333333333,-1.98920489931493,-1.99393855903017,-1.70421867593617,-0.808036468006078,0.440178806205627,-0.837781387792991,-0.857544846992613,-1.07468976820417,-0.191431175934366,-1.52340425531915,-1.85757659398289
"SocRealism","Velyaev_Schastlivye",0.605806451612903,0.48,0.692913385826772,0.687747035573123,-1.91056456120738,-1.76645768025078,-1.40483976455199,-1.2467112854835,-0.833188782885227,-0.84453781512605,-1.37972475285908,1.42565845369584,0.685950413223141,-1.77334191886671,-1.94256211681187,-1.799203187251,-1.81557150745444,-1.13985278654048,-0.410608139003201,-0.982826152455559,-0.64863240156297,0.233754712796629,-0.055103647336657,-1.07596153846154,-1.90625,-1.78453038674033,-1.51062022090059,-1.31622321638804,-0.765043846386453,-1.08517350157729,-1.36538461538462,1.09242819843342,0.873611111111111,-1.78575877101931,-1.7867474858796,-1.12466424395639,-1.25510720918453,-1.23323691822246,-1.39939661174286,-0.819556806190644,-0.850854600796066,2,-1.89887359198999,-2
"SocRealism","Vladimirov_Agitator",1.55161290322581,1.776,1.59055118110236,1.0197628458498,-1.97484628283958,-1.46081504702194,-0.139960758665795,-0.756519732287099,-0.386816999132697,-0.124649859943978,-1.01531304516379,-0.91702067403002,-1.07438016528926,-1.59905559132861,-1.98451113262343,-1.69880478087649,-1.13086692435119,0.0946372239747634,0.117969821673525,-0.606809279903585,-0.506762849413886,-0.750055444666223,-0.994489635266334,-1.05961538461538,-1.9698093220339,-1.45303867403315,-0.37553101104503,-0.773722627737226,-0.277592984578168,-0.584647739221872,-1.0224358974359,-1.01827676240209,-1.08888888888889,-1.62881461490554,-1.59057721449235,-0.709432769789856,-0.934323822387304,-0.482250854588483,-0.910187978649339,-0.705592683784734,-1.09529384219152,-1.29626253418414,-1.73767209011264,-1.99779188517803
"SocRealism","Vladimirov_InostrantsyVLeningrade",0.831612903225806,-0.224,0.015748031496063,-0.355731225296443,-1.93236444941308,-1.52899686520376,-0.330935251798561,-0.76944380336949,-0.13009540329575,0.931372549019608,-0.691219228532661,-1.16737468139337,-1.84848484848485,-1.9768190598841,-1.83994837044208,-1.32270916334661,-0.881281060187742,0.956887486855941,2,0.373003916842422,-0.934776074541629,-1.69749390108672,-1.84570978745736,-1.9625,-1.9375,-1.57734806629834,-0.726706315491362,-0.74923475394396,-0.156637435742365,-0.0504731861198738,-0.526442307692308,-0.88355091383812,-1.83055555555556,-1.97674901390907,-1.7768287642926,-1.44572602306842,-1.21053520175587,-0.640021036024191,-0.627059642608494,0.429827646851917,-0.31046593303676,-0.938924339106655,-1.92891113892365,-1.98785536847916
"SocRealism","Vladimirov_LeninIStalinLetom1917",0.84258064516129,-0.096,-0.393700787401575,-0.49802371541502,-1.44270542202348,-1.12147335423198,-0.565075212557227,-0.449111470113086,0.330153223474993,-1.38935574229692,-1.84493118821477,-1.6499575191164,-1.24242424242424,-0.973170208199184,-1.41013230074217,-1.17051792828685,-1.20596355604638,0.622502628811777,1.51714677640604,-0.92979813196746,-1.70904718966035,-1.63539587491683,-1.4027814221989,-0.911538461538462,-1.46822033898305,-1.20718232044199,-0.784480317190598,-0.419590299034613,0.431206531599637,-1.51629863301788,-1.83974358974359,-1.69712793733681,-1.22916666666667,-1.00352916753166,-1.2830968452955,-1.01785432137778,-0.431875738645956,-0.459111227977912,-1.43281503829195,-1.63137530777348,-1.8557714820885,-1.78122151321787,-1.53541927409262,-0.458735854264422
"SocRealism","Yagov_Pionerka",0.636129032258064,1.312,1.4488188976378,1.27272727272727,-2,-1.75078369905956,-0.414650098103336,-0.776828986845142,-1.36166522116219,-0.747899159663866,-0.761775537894941,-0.27131124327386,0.911845730027548,-1.94591113972956,-1.99225556631171,-1.5800796812749,-0.919933738266151,-0.6267087276551,-1.09647919524463,-0.757457065381139,-0.10399759543132,0.357950765136394,-0.799265284702178,-1.98846153846154,-2,-1.81560773480663,-0.579439252336449,-0.745467388744997,-1.34079225884487,-1.24921135646688,-0.712339743589744,-0.740469973890339,1.4625,-1.83392152792194,-1.99228543876567,-1.52093537683678,-0.801283133547189,-0.974493820667894,-1.01508470642841,0.224410833626451,-1.07281667056895,0.61440291704649,-1.61752190237797,-1.97571073695832
